model,proposed.by,year,element,age,sex,intake,type,from,to,transfer.coefficient
Biokinetic,Leggett,2013,Ba,20y,Male,All,All,Plasma,ST0,184
Biokinetic,Leggett,2013,Ba,20y,Male,All,All,Plasma,Trabecular.Bone.Surface,19.4
Biokinetic,Leggett,2013,Ba,20y,Male,All,All,Plasma,Cortical.Bone.Surface,15.6
Biokinetic,Leggett,2013,Ba,20y,Male,All,All,Plasma,Urinary.Bladder.Content,4.48
Biokinetic,Leggett,2013,Ba,20y,Male,All,All,Plasma,Right.Colon.Contents,40.3
Biokinetic,Leggett,2013,Ba,20y,Male,All,All,ST0,Plasma,61.4
Biokinetic,Leggett,2013,Ba,20y,Male,All,All,Red.Blood.Cell,Plasma,1000
Biokinetic,Leggett,2013,Ba,20y,Male,All,All,Urinary.Bladder.Contents,Urine,12
Biokinetic,Leggett,2013,Ba,20y,Male,All,All,Cartilage,Plasma,200
Biokinetic,Leggett,2013,Ba,20y,Male,All,All,Liver,Plasma,200
Biokinetic,Leggett,2013,Ba,20y,Male,All,All,Kidneys,Plasma,200
Biokinetic,Leggett,2013,Ba,20y,Male,All,All,Stomach.Wall,Plasma,200
Biokinetic,Leggett,2013,Ba,20y,Male,All,All,Small.Intestine.Wall,Plasma,200
Biokinetic,Leggett,2013,Ba,20y,Male,All,All,Left.Colon.Wall,Plasma,200
Biokinetic,Leggett,2013,Ba,20y,Male,All,All,Right.Colon.Wall,Plasma,200
Biokinetic,Leggett,2013,Ba,20y,Male,All,All,Rectosigmoid.Wall,Plasma,200
Biokinetic,Leggett,2013,Ba,20y,Male,All,All,Spleen,Plasma,200
Biokinetic,Leggett,2013,Ba,20y,Male,All,All,Pancreas,Plasma,200
Biokinetic,Leggett,2013,Ba,20y,Male,All,All,Heart.Wall,Plasma,200
Biokinetic,Leggett,2013,Ba,20y,Male,All,All,Brain,Plasma,200
Biokinetic,Leggett,2013,Ba,20y,Male,All,All,Skin,Plasma,200
Biokinetic,Leggett,2013,Ba,20y,Male,All,All,Lung.tissue,Plasma,200
Biokinetic,Leggett,2013,Ba,20y,Male,All,All,Other.1,Plasma,200
Biokinetic,Leggett,2013,Ba,20y,Male,All,All,Other.2,Plasma,200
Biokinetic,Leggett,2013,Ba,20y,Male,All,All,Adipose.Tissue,Plasma,200
Biokinetic,Leggett,2013,Ba,20y,Male,All,All,Lung.Tissue,Plasma,200
Biokinetic,Leggett,2013,Ba,20y,Male,All,All,Red.Marrow,Plasma,200
Biokinetic,Leggett,2013,Ba,20y,Male,All,All,Skeletal.Muscle,Plasma,1000
Biokinetic,Leggett,2013,Cs,20y,Male,All,All,Plasma,Red.Blood.Cell,1.8
Biokinetic,Leggett,2013,Cs,20y,Male,All,All,Plasma,Skeletal.Muscle,30
Biokinetic,Leggett,2013,Cs,20y,Male,All,All,Plasma,Liver,19.5
Biokinetic,Leggett,2013,Cs,20y,Male,All,All,Plasma,Kidneys,67.1
Biokinetic,Leggett,2013,Cs,20y,Male,All,All,Plasma,Spleen,5.3
Biokinetic,Leggett,2013,Cs,20y,Male,All,All,Plasma,Pancreas,1.77
Biokinetic,Leggett,2013,Cs,20y,Male,All,All,Plasma,Skin,4.42
Biokinetic,Leggett,2013,Cs,20y,Male,All,All,Plasma,Adipose.Tissue,8.83
Biokinetic,Leggett,2013,Cs,20y,Male,All,All,Plasma,Brain,0.424
Biokinetic,Leggett,2013,Cs,20y,Male,All,All,Plasma,Heart.Wall,14.1
Biokinetic,Leggett,2013,Cs,20y,Male,All,All,Plasma,Lung.Tissue,4.42
Biokinetic,Leggett,2013,Cs,20y,Male,All,All,Plasma,Red.Marrow,5.3
Biokinetic,Leggett,2013,Cs,20y,Male,All,All,Plasma,Cartilage,3
Biokinetic,Leggett,2013,Cs,20y,Male,All,All,Plasma,Trabecular.Bone.Surface,1.59
Biokinetic,Leggett,2013,Cs,20y,Male,All,All,Plasma,Cortical.Bone.Surface,1.06
Biokinetic,Leggett,2013,Cs,20y,Male,All,All,Plasma,Stomach.Wall,3.53
Biokinetic,Leggett,2013,Cs,20y,Male,All,All,Plasma,Stomach.Contents,4.52
Biokinetic,Leggett,2013,Cs,20y,Male,All,All,Plasma,Small.Intestine.Wall,35.3
Biokinetic,Leggett,2013,Cs,20y,Male,All,All,Plasma,Small.Intestine.Contents,1.05
Biokinetic,Leggett,2013,Cs,20y,Male,All,All,Plasma,Right.Colon.Wall,5.65
Biokinetic,Leggett,2013,Cs,20y,Male,All,All,Plasma,Right.Colon.Contents,0.02
Biokinetic,Leggett,2013,Cs,20y,Male,All,All,Plasma,Left.Colon.Wall,5.65
Biokinetic,Leggett,2013,Cs,20y,Male,All,All,Plasma,Rectosigmoid.Wall,2.83
Biokinetic,Leggett,2013,Cs,20y,Male,All,All,Plasma,Other.1,9.71
Biokinetic,Leggett,2013,Cs,20y,Male,All,All,Plasma,Other.2,0.00353
Biokinetic,Leggett,2013,Cs,20y,Male,All,All,Red.Blood.Cell,Plasma,0.257
Biokinetic,Leggett,2013,Cs,20y,Male,All,All,Skeletal.Muscle,Plasma,0.0751
Biokinetic,Leggett,2013,Cs,20y,Male,All,All,Liver,Plasma,2.14
Biokinetic,Leggett,2013,Cs,20y,Male,All,All,Liver,Small.Intestine.Contents,0.113
Biokinetic,Leggett,2013,Cs,20y,Male,All,All,Kidneys,Urinary.Bladder.Contents,1.68
Biokinetic,Leggett,2013,Cs,20y,Male,All,All,Kidneys,Plasma,31.9
Biokinetic,Leggett,2013,Cs,20y,Male,All,All,Spleen,Plasma,5.03
Biokinetic,Leggett,2013,Cs,20y,Male,All,All,Spleen,Liver,0.265
Biokinetic,Leggett,2013,Cs,20y,Male,All,All,Pancreas,Plasma,1.68
Biokinetic,Leggett,2013,Cs,20y,Male,All,All,Pancreas,Liver,0.0883
Biokinetic,Leggett,2013,Cs,20y,Male,All,All,Skin,Plasma,0.867
Biokinetic,Leggett,2013,Cs,20y,Male,All,All,Skin,Excreta,0.0159
Biokinetic,Leggett,2013,Cs,20y,Male,All,All,Adipose.Tissue,Plasma,1.77
Biokinetic,Leggett,2013,Cs,20y,Male,All,All,Brain,Plasma,0.0848
Biokinetic,Leggett,2013,Cs,20y,Male,All,All,Heart.Wall,Plasma,8.07
Biokinetic,Leggett,2013,Cs,20y,Male,All,All,Lung.Tissue,Plasma,1.47
Biokinetic,Leggett,2013,Cs,20y,Male,All,All,Red.Marrow,Plasma,0.706
Biokinetic,Leggett,2013,Cs,20y,Male,All,All,Cartilage,Plasma,0.2
Biokinetic,Leggett,2013,Cs,20y,Male,All,All,Trabecular.Bone.Surface,Plasma,0.212
Biokinetic,Leggett,2013,Cs,20y,Male,All,All,Cortical.Bone.Surface,Plasma,0.212
Biokinetic,Leggett,2013,Cs,20y,Male,All,All,Stomach.Wall,Plasma,4.16
Biokinetic,Leggett,2013,Cs,20y,Male,All,All,Stomach.Wall,Liver,0.219
Biokinetic,Leggett,2013,Cs,20y,Male,All,All,Small.Intestine.Wall,Plasma,9.87
Biokinetic,Leggett,2013,Cs,20y,Male,All,All,Small.Intestine.Wall,Liver,0.519
Biokinetic,Leggett,2013,Cs,20y,Male,All,All,Other.1,Plasma,0.762
Biokinetic,Leggett,2013,Cs,20y,Male,All,All,Other.2,Plasma,0.00141
Biokinetic,Leggett,2013,Cs,20y,Male,All,All,Stomach.Wall,Stomach.Contents,0.21
Biokinetic,Leggett,2013,Cs,20y,Male,All,All,Small.Intestine.Wall,Small.Intestine.Contents,0.21
Biokinetic,Leggett,2013,Cs,20y,Male,All,All,Right.Colon.Wall,Right.Colon.Contents,0.21
Biokinetic,Leggett,2013,Cs,20y,Male,All,All,Left.Colon.Wall,Left.Colon.Contents,0.21
Biokinetic,Leggett,2013,Cs,20y,Male,All,All,Rectosigmoid.Wall,Rectosigmoid.Contents,0.21
Biokinetic,Leggett,2013,Cs,20y,Male,All,All,Right.Colon.Wall,Plasma,6.86
Biokinetic,Leggett,2013,Cs,20y,Male,All,All,Left.Colon.Wall,Plasma,6.86
Biokinetic,Leggett,2013,Cs,20y,Male,All,All,Rectosigmoid.Wall,Plasma,6.86
Biokinetic,Leggett,2013,Cs,20y,Male,All,All,Right.Colon.Wall,Liver,0.361
Biokinetic,Leggett,2013,Cs,20y,Male,All,All,Left.Colon.Wall,Liver,0.361
Biokinetic,Leggett,2013,Cs,20y,Male,All,All,Rectosigmoid.Wall,Liver,0.361
HATM,ICRP.publ.100,2006,All,20y,Female,All,Liquids,Oesophagus.Fast,Stomach.Contents,17280
HATM,ICRP.publ.100,2006,All,20y,Female,All,Solids,Oesophagus.Fast,Stomach.Contents,10800
HATM,ICRP.publ.100,2006,All,20y,Female,All,Total.Diet,Oesophagus.Fast,Stomach.Contents,12343
HATM,ICRP.publ.100,2006,All,3mo,All,All,Liquids,Oesophagus.Slow,Stomach.Contents,2880
HATM,ICRP.publ.100,2006,All,3mo,All,All,Solids,Oesophagus.Slow,Stomach.Contents,NA
HATM,ICRP.publ.100,2006,All,3mo,All,All,Total.Diet,Oesophagus.Slow,Stomach.Contents,2880
HATM,ICRP.publ.100,2006,All,1y,All,All,Liquids,Oesophagus.Slow,Stomach.Contents,2880
HATM,ICRP.publ.100,2006,All,1y,All,All,Solids,Oesophagus.Slow,Stomach.Contents,1920
HATM,ICRP.publ.100,2006,All,1y,All,All,Total.Diet,Oesophagus.Slow,Stomach.Contents,2160
HATM,ICRP.publ.100,2006,All,5-15y,All,All,Liquids,Oesophagus.Slow,Stomach.Contents,2880
HATM,ICRP.publ.100,2006,All,5-15y,All,All,Solids,Oesophagus.Slow,Stomach.Contents,1920
HATM,ICRP.publ.100,2006,All,5-15y,All,All,Total.Diet,Oesophagus.Slow,Stomach.Contents,2160
HATM,ICRP.publ.100,2006,All,20y,Male,All,Liquids,Oesophagus.Slow,Stomach.Contents,2880
HATM,ICRP.publ.100,2006,All,20y,Male,All,Solids,Oesophagus.Slow,Stomach.Contents,1920
HATM,ICRP.publ.100,2006,All,20y,Male,All,Total.Diet,Oesophagus.Slow,Stomach.Contents,2160
HATM,ICRP.publ.100,2006,All,20y,Female,All,Liquids,Oesophagus.Slow,Stomach.Contents,2880
HATM,ICRP.publ.100,2006,All,20y,Female,All,Solids,Oesophagus.Slow,Stomach.Contents,1920
HATM,ICRP.publ.100,2006,All,20y,Female,All,Total.Diet,Oesophagus.Slow,Stomach.Contents,2160
HATM,ICRP.publ.100,2006,All,3mo,All,All,Caloric.Liquids,Stomach.Contents,Small.Intestine.Contents,19.2
HATM,ICRP.publ.100,2006,All,3mo,All,All,Non.Caloric.Liquids,Stomach.Contents,Small.Intestine.Contents,144
HATM,ICRP.publ.100,2006,All,3mo,All,All,Solids,Stomach.Contents,Small.Intestine.Contents,NA
HATM,ICRP.publ.100,2006,All,3mo,All,All,Total.Diet,Stomach.Contents,Small.Intestine.Contents,19.2
HATM,ICRP.publ.100,2006,All,1y,All,All,Caloric.Liquids,Stomach.Contents,Small.Intestine.Contents,32
HATM,ICRP.publ.100,2006,All,1y,All,All,Non.Caloric.Liquids,Stomach.Contents,Small.Intestine.Contents,48
HATM,ICRP.publ.100,2006,All,1y,All,All,Solids,Stomach.Contents,Small.Intestine.Contents,19.2
HATM,ICRP.publ.100,2006,All,1y,All,All,Total.Diet,Stomach.Contents,Small.Intestine.Contents,20.57
HATM,ICRP.publ.100,2006,All,5-15y,All,All,Caloric.Liquids,Stomach.Contents,Small.Intestine.Contents,32
HATM,ICRP.publ.100,2006,All,5-15y,All,All,Non.Caloric.Liquids,Stomach.Contents,Small.Intestine.Contents,48
HATM,ICRP.publ.100,2006,All,5-15y,All,All,Solids,Stomach.Contents,Small.Intestine.Contents,19.2
HATM,ICRP.publ.100,2006,All,5-15y,All,All,Total.Diet,Stomach.Contents,Small.Intestine.Contents,20.57
HATM,ICRP.publ.100,2006,All,20y,Male,All,Caloric.Liquids,Stomach.Contents,Small.Intestine.Contents,32
HATM,ICRP.publ.100,2006,All,20y,Male,All,Non.Caloric.Liquids,Stomach.Contents,Small.Intestine.Contents,48
HATM,ICRP.publ.100,2006,All,20y,Male,All,Solids,Stomach.Contents,Small.Intestine.Contents,19.2
HATM,ICRP.publ.100,2006,All,20y,Male,All,Total.Diet,Stomach.Contents,Small.Intestine.Contents,20.57
HATM,ICRP.publ.100,2006,All,20y,Female,All,Caloric.Liquids,Stomach.Contents,Small.Intestine.Contents,24
HATM,ICRP.publ.100,2006,All,20y,Female,All,Non.Caloric.Liquids,Stomach.Contents,Small.Intestine.Contents,48
HATM,ICRP.publ.100,2006,All,20y,Female,All,Solids,Stomach.Contents,Small.Intestine.Contents,13.71
HATM,ICRP.publ.100,2006,All,20y,Female,All,Total.Diet,Stomach.Contents,Small.Intestine.Contents,15.16
HATM,ICRP.publ.100,2006,All,3mo,All,All,All,Small.Intestine.Contents,Right.Colon.Contents,6
HATM,ICRP.publ.100,2006,All,1y,All,All,All,Small.Intestine.Contents,Right.Colon.Contents,6
HATM,ICRP.publ.100,2006,All,5-15y,All,All,All,Small.Intestine.Contents,Right.Colon.Contents,6
HATM,ICRP.publ.100,2006,All,20y,Male,All,All,Small.Intestine.Contents,Right.Colon.Contents,6
HATM,ICRP.publ.100,2006,All,20y,Female,All,All,Small.Intestine.Contents,Right.Colon.Contents,6
HATM,ICRP.publ.100,2006,All,3mo,All,All,All,Right.Colon.Contents,Left.Colon.Contents,3
HATM,ICRP.publ.100,2006,All,1y,All,All,All,Right.Colon.Contents,Left.Colon.Contents,2.4
HATM,ICRP.publ.100,2006,All,5-15y,All,All,All,Right.Colon.Contents,Left.Colon.Contents,2.182
HATM,ICRP.publ.100,2006,All,20y,Male,All,All,Right.Colon.Contents,Left.Colon.Contents,2
HATM,ICRP.publ.100,2006,All,20y,Female,All,All,Right.Colon.Contents,Left.Colon.Contents,1.5
HATM,ICRP.publ.100,2006,All,3mo,All,All,All,Left.Colon.Contents,Rectosigmoid.Contents,3
HATM,ICRP.publ.100,2006,All,1y,All,All,All,Left.Colon.Contents,Rectosigmoid.Contents,2.4
HATM,ICRP.publ.100,2006,All,5-15y,All,All,All,Left.Colon.Contents,Rectosigmoid.Contents,2.182
HATM,ICRP.publ.100,2006,All,20y,Male,All,All,Left.Colon.Contents,Rectosigmoid.Contents,2
HATM,ICRP.publ.100,2006,All,20y,Female,All,All,Left.Colon.Contents,Rectosigmoid.Contents,1.5
HATM,ICRP.publ.100,2006,All,3mo,All,All,All,Rectosigmoid.Contents,Feces,2
HATM,ICRP.publ.100,2006,All,1y,All,All,All,Rectosigmoid.Contents,Feces,2
HATM,ICRP.publ.100,2006,All,5-15y,All,All,All,Rectosigmoid.Contents,Feces,2
HATM,ICRP.publ.100,2006,All,20y,Male,All,All,Rectosigmoid.Contents,Feces,2
HATM,ICRP.publ.100,2006,All,20y,Female,All,All,Rectosigmoid.Contents,Feces,1.5
HATM,ICRP.publ.100,2006,All,3mo,All,All,Liquids,Oralcavity.Contents,Oesophagus.Fast,38880
HATM,ICRP.publ.100,2006,All,3mo,All,All,Solids,Oralcavity.Contents,Oesophagus.Fast,NA
HATM,ICRP.publ.100,2006,All,3mo,All,All,Total.Diet,Oralcavity.Contents,Oesophagus.Fast,38880
HATM,ICRP.publ.100,2006,All,1y,All,All,Liquids,Oralcavity.Contents,Oesophagus.Fast,38880
HATM,ICRP.publ.100,2006,All,1y,All,All,Solids,Oralcavity.Contents,Oesophagus.Fast,5184
HATM,ICRP.publ.100,2006,All,1y,All,All,Total.Diet,Oralcavity.Contents,Oesophagus.Fast,6480
HATM,ICRP.publ.100,2006,All,5-15y,All,All,Liquids,Oralcavity.Contents,Oesophagus.Fast,38880
HATM,ICRP.publ.100,2006,All,5-15y,All,All,Solids,Oralcavity.Contents,Oesophagus.Fast,5184
HATM,ICRP.publ.100,2006,All,5-15y,All,All,Total.Diet,Oralcavity.Contents,Oesophagus.Fast,6480
HATM,ICRP.publ.100,2006,All,20y,Male,All,Liquids,Oralcavity.Contents,Oesophagus.Fast,38880
HATM,ICRP.publ.100,2006,All,20y,Male,All,Solids,Oralcavity.Contents,Oesophagus.Fast,5184
HATM,ICRP.publ.100,2006,All,20y,Male,All,Total.Diet,Oralcavity.Contents,Oesophagus.Fast,6480
HATM,ICRP.publ.100,2006,All,20y,Female,All,Liquids,Oralcavity.Contents,Oesophagus.Fast,38880
HATM,ICRP.publ.100,2006,All,20y,Female,All,Solids,Oralcavity.Contents,Oesophagus.Fast,5184
HATM,ICRP.publ.100,2006,All,20y,Female,All,Total.Diet,Oralcavity.Contents,Oesophagus.Fast,6480
HATM,ICRP.publ.100,2006,All,3mo,All,All,Liquids,Oralcavity.Contents,Oesophagus.Slow,4320
HATM,ICRP.publ.100,2006,All,3mo,All,All,Solids,Oralcavity.Contents,Oesophagus.Slow,NA
HATM,ICRP.publ.100,2006,All,3mo,All,All,Total.Diet,Oralcavity.Contents,Oesophagus.Slow,4320
HATM,ICRP.publ.100,2006,All,1y,All,All,Liquids,Oralcavity.Contents,Oesophagus.Slow,4320
HATM,ICRP.publ.100,2006,All,1y,All,All,Solids,Oralcavity.Contents,Oesophagus.Slow,576
HATM,ICRP.publ.100,2006,All,1y,All,All,Total.Diet,Oralcavity.Contents,Oesophagus.Slow,720
HATM,ICRP.publ.100,2006,All,5-15y,All,All,Liquids,Oralcavity.Contents,Oesophagus.Slow,4320
HATM,ICRP.publ.100,2006,All,5-15y,All,All,Solids,Oralcavity.Contents,Oesophagus.Slow,576
HATM,ICRP.publ.100,2006,All,5-15y,All,All,Total.Diet,Oralcavity.Contents,Oesophagus.Slow,720
HATM,ICRP.publ.100,2006,All,20y,Male,All,Liquids,Oralcavity.Contents,Oesophagus.Slow,4320
HATM,ICRP.publ.100,2006,All,20y,Male,All,Solids,Oralcavity.Contents,Oesophagus.Slow,576
HATM,ICRP.publ.100,2006,All,20y,Male,All,Total.Diet,Oralcavity.Contents,Oesophagus.Slow,720
HATM,ICRP.publ.100,2006,All,20y,Female,All,Liquids,Oralcavity.Contents,Oesophagus.Slow,4320
HATM,ICRP.publ.100,2006,All,20y,Female,All,Solids,Oralcavity.Contents,Oesophagus.Slow,576
HATM,ICRP.publ.100,2006,All,20y,Female,All,Total.Diet,Oralcavity.Contents,Oesophagus.Slow,720
HATM,ICRP.publ.100,2006,All,3mo,All,All,Liquids,Oesophagus.Fast,Stomach.Contents,21600
HATM,ICRP.publ.100,2006,All,3mo,All,All,Solids,Oesophagus.Fast,Stomach.Contents,NA
HATM,ICRP.publ.100,2006,All,3mo,All,All,Total.Diet,Oesophagus.Fast,Stomach.Contents,21600
HATM,ICRP.publ.100,2006,All,1y,All,All,Liquids,Oesophagus.Fast,Stomach.Contents,17280
HATM,ICRP.publ.100,2006,All,1y,All,All,Solids,Oesophagus.Fast,Stomach.Contents,10800
HATM,ICRP.publ.100,2006,All,1y,All,All,Total.Diet,Oesophagus.Fast,Stomach.Contents,12343
HATM,ICRP.publ.100,2006,All,5-15y,All,All,Liquids,Oesophagus.Fast,Stomach.Contents,17280
HATM,ICRP.publ.100,2006,All,5-15y,All,All,Solids,Oesophagus.Fast,Stomach.Contents,10800
HATM,ICRP.publ.100,2006,All,5-15y,All,All,Total.Diet,Oesophagus.Fast,Stomach.Contents,12343
HATM,ICRP.publ.100,2006,All,20y,Male,All,Liquids,Oesophagus.Fast,Stomach.Contents,17280
HATM,ICRP.publ.100,2006,All,20y,Male,All,Solids,Oesophagus.Fast,Stomach.Contents,10800
HATM,ICRP.publ.100,2006,All,20y,Male,All,Total.Diet,Oesophagus.Fast,Stomach.Contents,12343
Biokinetic,Leggett,2003,Cs,20y,Male,All,All,Plasma,Heart,14.128
Biokinetic,Leggett,2003,Cs,20y,Male,All,All,Plasma,Liver,19.515
Biokinetic,Leggett,2003,Cs,20y,Male,All,All,Plasma,Kidneys,67.108
Biokinetic,Leggett,2003,Cs,20y,Male,All,All,Plasma,Muscle,30.022
Biokinetic,Leggett,2003,Cs,20y,Male,All,All,Plasma,GI.Tract.Tissue,52.98
Biokinetic,Leggett,2003,Cs,20y,Male,All,All,Plasma,Stomach.Contents,4.516
Biokinetic,Leggett,2003,Cs,20y,Male,All,All,Plasma,Small.Intestine.Contents,1.048
Biokinetic,Leggett,2003,Cs,20y,Male,All,All,Plasma,Large.Intestine.Contents,0.02
Biokinetic,Leggett,2003,Cs,20y,Male,All,All,Plasma,Spleen,5.298
Biokinetic,Leggett,2003,Cs,20y,Male,All,All,Plasma,Pancreas,1.766
Biokinetic,Leggett,2003,Cs,20y,Male,All,All,Plasma,Brain,0.424
Biokinetic,Leggett,2003,Cs,20y,Male,All,All,Plasma,Red.Marrow,5.298
Biokinetic,Leggett,2003,Cs,20y,Male,All,All,Plasma,Other.Skelton,3.532
Biokinetic,Leggett,2003,Cs,20y,Male,All,All,Plasma,Skin,4.415
Biokinetic,Leggett,2003,Cs,20y,Male,All,All,Plasma,Lungs,4.415
Biokinetic,Leggett,2003,Cs,20y,Male,All,All,Plasma,Adipose.Tissue,8.83
Biokinetic,Leggett,2003,Cs,20y,Male,All,All,Plasma,Other.1,8.826
Biokinetic,Leggett,2003,Cs,20y,Male,All,All,Plasma,Other.2,0.00353
Biokinetic,Leggett,2003,Cs,20y,Male,All,All,Plasma,Red.Blood.Cell,1.8
Biokinetic,Leggett,2003,Cs,20y,Male,All,All,Heart,Plasma,8.073
Biokinetic,Leggett,2003,Cs,20y,Male,All,All,Liver,Plasma,2.204
Biokinetic,Leggett,2003,Cs,20y,Male,All,All,Liver,Small.Intestine.Contents,0.116
Biokinetic,Leggett,2003,Cs,20y,Male,All,All,Kidneys,Urinary.Bladder.Contents,1.678
Biokinetic,Leggett,2003,Cs,20y,Male,All,All,Kidneys,Plasma,31.876
Biokinetic,Leggett,2003,Cs,20y,Male,All,All,Muscle,Plasma,0.0751
Biokinetic,Leggett,2003,Cs,20y,Male,All,All,GI.Tract.Tissue,Plasma,8.191
Biokinetic,Leggett,2003,Cs,20y,Male,All,All,GI.Tract.Tissue,Liver,0.431
Biokinetic,Leggett,2003,Cs,20y,Male,All,All,GI.Tract.Tissue,Stomach.Contents,0.0333
Biokinetic,Leggett,2003,Cs,20y,Male,All,All,GI.Tract.Tissue,Small.Intestine.Contents,0.108
Biokinetic,Leggett,2003,Cs,20y,Male,All,All,GI.Tract.Tissue,Large.Intestine.Contents,0.0667
Biokinetic,Leggett,2003,Cs,20y,Male,All,All,Spleen,Plasma,5.033
Biokinetic,Leggett,2003,Cs,20y,Male,All,All,Spleen,Liver,0.265
Biokinetic,Leggett,2003,Cs,20y,Male,All,All,Pancreas,Plasma,1.678
Biokinetic,Leggett,2003,Cs,20y,Male,All,All,Pancreas,Liver,0.0883
Biokinetic,Leggett,2003,Cs,20y,Male,All,All,Skin,Plasma,0.867
Biokinetic,Leggett,2003,Cs,20y,Male,All,All,Skin,Excreta,0.0159
Biokinetic,Leggett,2003,Cs,20y,Male,All,All,Brain,Plasma,0.0848
Biokinetic,Leggett,2003,Cs,20y,Male,All,All,Red.Marrow,Plasma,0.706
Biokinetic,Leggett,2003,Cs,20y,Male,All,All,Other.Skelton,Plasma,0.128
Biokinetic,Leggett,2003,Cs,20y,Male,All,All,Lungs,Plasma,1.472
Biokinetic,Leggett,2003,Cs,20y,Male,All,All,Adipose.Tissue,Plasma,1.766
Biokinetic,Leggett,2003,Cs,20y,Male,All,All,Other.1,Plasma,0.692
Biokinetic,Leggett,2003,Cs,20y,Male,All,All,Other.2,Plasma,0.00141
Biokinetic,Leggett,2003,Cs,20y,Male,All,All,Red.Blood.Cell,Plasma,0.257
Biokinetic,Leggett,2003,Cs,20y,Male,All,All,Urinary.Bladder.Contents,Urine,12
Biokinetic,Leggett,2003,Cs,20y,Male,All,All,Stomach.Contents,Small.Intestine.Contents,40
Biokinetic,Leggett,2003,Cs,20y,Male,All,All,Small.Intestine.Contents,Plasma,28.215
Biokinetic,Leggett,2003,Cs,20y,Male,All,All,Small.Intestine.Contents,Large.Intestine.Contents,0.3
Biokinetic,Leggett,2003,Cs,20y,Male,All,All,Small.Intestine.Contents,Liver,1.485
Biokinetic,Leggett,2003,Cs,20y,Male,All,All,Large.Intestine.Contents,Feces,0.5
HRTM,ICRP.publ.66,1994,All,All,All,Inh,Aerosol.Type.F,AI1.i,bb1.i,0.02
HRTM,ICRP.publ.66,1994,All,All,All,Inh,Aerosol.Type.F,AI2.i,bb1.i,0.001
HRTM,ICRP.publ.66,1994,All,All,All,Inh,Aerosol.Type.F,AI3.i,bb1.i,1e-04
HRTM,ICRP.publ.66,1994,All,All,All,Inh,Aerosol.Type.F,AI3.i,LNTH.i,2e-05
HRTM,ICRP.publ.66,1994,All,All,All,Inh,Aerosol.Type.F,bb1.i,BB1.i,2
HRTM,ICRP.publ.66,1994,All,All,All,Inh,Aerosol.Type.F,bb2.i,BB1.i,0.03
HRTM,ICRP.publ.66,1994,All,All,All,Inh,Aerosol.Type.F,bbseq.i,LNTH.i,0.01
HRTM,ICRP.publ.66,1994,All,All,All,Inh,Aerosol.Type.F,BB1.i,ET2.i,10
HRTM,ICRP.publ.66,1994,All,All,All,Inh,Aerosol.Type.F,BB2.i,ET2.i,0.03
HRTM,ICRP.publ.66,1994,All,All,All,Inh,Aerosol.Type.F,BBseq.i,LNTH.i,0.01
HRTM,ICRP.publ.66,1994,All,All,All,Inh,Aerosol.Type.F,ETseq.i,LNET.i,0.001
HRTM,ICRP.publ.66,1994,All,All,All,Inh,Aerosol.Type.F,ET2.i,GI.Tract,100
HRTM,ICRP.publ.66,1994,All,All,All,Inh,Aerosol.Type.F,ET1.i,Environment,1
HRTM,ICRP.publ.66,1994,All,All,All,Inh,Aerosol.Type.M,AI1.i,bb1.i,0.02
HRTM,ICRP.publ.66,1994,All,All,All,Inh,Aerosol.Type.M,AI2.i,bb1.i,0.001
HRTM,ICRP.publ.66,1994,All,All,All,Inh,Aerosol.Type.M,AI3.i,bb1.i,1e-04
HRTM,ICRP.publ.66,1994,All,All,All,Inh,Aerosol.Type.M,AI3.i,LNTH.i,2e-05
HRTM,ICRP.publ.66,1994,All,All,All,Inh,Aerosol.Type.M,bb1.i,BB1.i,2
HRTM,ICRP.publ.66,1994,All,All,All,Inh,Aerosol.Type.M,bb2.i,BB1.i,0.03
HRTM,ICRP.publ.66,1994,All,All,All,Inh,Aerosol.Type.M,bbseq.i,LNTH.i,0.01
HRTM,ICRP.publ.66,1994,All,All,All,Inh,Aerosol.Type.M,BB1.i,ET2.i,10
HRTM,ICRP.publ.66,1994,All,All,All,Inh,Aerosol.Type.M,BB2.i,ET2.i,0.03
HRTM,ICRP.publ.66,1994,All,All,All,Inh,Aerosol.Type.M,BBseq.i,LNTH.i,0.01
HRTM,ICRP.publ.66,1994,All,All,All,Inh,Aerosol.Type.M,ETseq.i,LNET.i,0.001
HRTM,ICRP.publ.66,1994,All,All,All,Inh,Aerosol.Type.M,ET2.i,GI.Tract,100
HRTM,ICRP.publ.66,1994,All,All,All,Inh,Aerosol.Type.M,ET1.i,Environment,1
HRTM,ICRP.publ.66,1994,All,All,All,Inh,Aerosol.Type.M,AI1.t,bb1.t,0.02
HRTM,ICRP.publ.66,1994,All,All,All,Inh,Aerosol.Type.M,AI2.t,bb1.t,0.001
HRTM,ICRP.publ.66,1994,All,All,All,Inh,Aerosol.Type.M,AI3.t,bb1.t,1e-04
HRTM,ICRP.publ.66,1994,All,All,All,Inh,Aerosol.Type.M,AI3.t,LNTH.t,2e-05
HRTM,ICRP.publ.66,1994,All,All,All,Inh,Aerosol.Type.M,bb1.t,BB1.t,2
HRTM,ICRP.publ.66,1994,All,All,All,Inh,Aerosol.Type.M,bb2.t,BB1.t,0.03
HRTM,ICRP.publ.66,1994,All,All,All,Inh,Aerosol.Type.M,bbseq.t,LNTH.t,0.01
HRTM,ICRP.publ.66,1994,All,All,All,Inh,Aerosol.Type.M,BB1.t,ET2.t,10
HRTM,ICRP.publ.66,1994,All,All,All,Inh,Aerosol.Type.M,BB2.t,ET2.t,0.03
HRTM,ICRP.publ.66,1994,All,All,All,Inh,Aerosol.Type.M,BBseq.t,LNTH.t,0.01
HRTM,ICRP.publ.66,1994,All,All,All,Inh,Aerosol.Type.M,ETseq.t,LNET.t,0.001
HRTM,ICRP.publ.66,1994,All,All,All,Inh,Aerosol.Type.M,ET2.t,GI.Tract,100
HRTM,ICRP.publ.66,1994,All,All,All,Inh,Aerosol.Type.M,ET1.t,Environment,1
HRTM,ICRP.publ.66,1994,All,All,All,Inh,Aerosol.Type.S,AI1.i,bb1.i,0.02
HRTM,ICRP.publ.66,1994,All,All,All,Inh,Aerosol.Type.S,AI2.i,bb1.i,0.001
HRTM,ICRP.publ.66,1994,All,All,All,Inh,Aerosol.Type.S,AI3.i,bb1.i,1e-04
HRTM,ICRP.publ.66,1994,All,All,All,Inh,Aerosol.Type.S,AI3.i,LNTH.i,2e-05
HRTM,ICRP.publ.66,1994,All,All,All,Inh,Aerosol.Type.S,bb1.i,BB1.i,2
HRTM,ICRP.publ.66,1994,All,All,All,Inh,Aerosol.Type.S,bb2.i,BB1.i,0.03
HRTM,ICRP.publ.66,1994,All,All,All,Inh,Aerosol.Type.S,bbseq.i,LNTH.i,0.01
HRTM,ICRP.publ.66,1994,All,All,All,Inh,Aerosol.Type.S,BB1.i,ET2.i,10
HRTM,ICRP.publ.66,1994,All,All,All,Inh,Aerosol.Type.S,BB2.i,ET2.i,0.03
HRTM,ICRP.publ.66,1994,All,All,All,Inh,Aerosol.Type.S,BBseq.i,LNTH.i,0.01
HRTM,ICRP.publ.66,1994,All,All,All,Inh,Aerosol.Type.S,ETseq.i,LNET.i,0.001
HRTM,ICRP.publ.66,1994,All,All,All,Inh,Aerosol.Type.S,ET2.i,GI.Tract,100
HRTM,ICRP.publ.66,1994,All,All,All,Inh,Aerosol.Type.S,ET1.i,Environment,1
HRTM,ICRP.publ.66,1994,All,All,All,Inh,Aerosol.Type.S,AI1.t,bb1.t,0.02
HRTM,ICRP.publ.66,1994,All,All,All,Inh,Aerosol.Type.S,AI2.t,bb1.t,0.001
HRTM,ICRP.publ.66,1994,All,All,All,Inh,Aerosol.Type.S,AI3.t,bb1.t,1e-04
HRTM,ICRP.publ.66,1994,All,All,All,Inh,Aerosol.Type.S,AI3.t,LNTH.t,2e-05
HRTM,ICRP.publ.66,1994,All,All,All,Inh,Aerosol.Type.S,bb1.t,BB1.t,2
HRTM,ICRP.publ.66,1994,All,All,All,Inh,Aerosol.Type.S,bb2.t,BB1.t,0.03
HRTM,ICRP.publ.66,1994,All,All,All,Inh,Aerosol.Type.S,bbseq.t,LNTH.t,0.01
HRTM,ICRP.publ.66,1994,All,All,All,Inh,Aerosol.Type.S,BB1.t,ET2.t,10
HRTM,ICRP.publ.66,1994,All,All,All,Inh,Aerosol.Type.S,BB2.t,ET2.t,0.03
HRTM,ICRP.publ.66,1994,All,All,All,Inh,Aerosol.Type.S,BBseq.t,LNTH.t,0.01
HRTM,ICRP.publ.66,1994,All,All,All,Inh,Aerosol.Type.S,ETseq.t,LNET.t,0.001
HRTM,ICRP.publ.66,1994,All,All,All,Inh,Aerosol.Type.S,ET2.t,GI.Tract,100
HRTM,ICRP.publ.66,1994,All,All,All,Inh,Aerosol.Type.S,ET1.t,Environment,1
HRTM,ICRP.publ.66,1994,All,All,All,Inh,Aerosol.Type.F,ET2.i,Blood,100
HRTM,ICRP.publ.66,1994,All,All,All,Inh,Aerosol.Type.F,ETseq.i,Blood,100
HRTM,ICRP.publ.66,1994,All,All,All,Inh,Aerosol.Type.F,BB1.i,Blood,100
HRTM,ICRP.publ.66,1994,All,All,All,Inh,Aerosol.Type.F,BB2.i,Blood,100
HRTM,ICRP.publ.66,1994,All,All,All,Inh,Aerosol.Type.F,BBseq.i,Blood,100
HRTM,ICRP.publ.66,1994,All,All,All,Inh,Aerosol.Type.F,bb1.i,Blood,100
HRTM,ICRP.publ.66,1994,All,All,All,Inh,Aerosol.Type.F,bb2.i,Blood,100
HRTM,ICRP.publ.66,1994,All,All,All,Inh,Aerosol.Type.F,bbseq.i,Blood,100
HRTM,ICRP.publ.66,1994,All,All,All,Inh,Aerosol.Type.F,AI1.i,Blood,100
HRTM,ICRP.publ.66,1994,All,All,All,Inh,Aerosol.Type.F,AI2.i,Blood,100
HRTM,ICRP.publ.66,1994,All,All,All,Inh,Aerosol.Type.F,AI3.i,Blood,100
HRTM,ICRP.publ.66,1994,All,All,All,Inh,Aerosol.Type.F,LNET.i,Blood,100
HRTM,ICRP.publ.66,1994,All,All,All,Inh,Aerosol.Type.F,LNTH.i,Blood,100
HRTM,ICRP.publ.66,1994,All,All,All,Inh,Aerosol.Type.M,ET2.i,Blood,10
HRTM,ICRP.publ.66,1994,All,All,All,Inh,Aerosol.Type.M,ETseq.i,Blood,10
HRTM,ICRP.publ.66,1994,All,All,All,Inh,Aerosol.Type.M,BB1.i,Blood,10
HRTM,ICRP.publ.66,1994,All,All,All,Inh,Aerosol.Type.M,BB2.i,Blood,10
HRTM,ICRP.publ.66,1994,All,All,All,Inh,Aerosol.Type.M,BBseq.i,Blood,10
HRTM,ICRP.publ.66,1994,All,All,All,Inh,Aerosol.Type.M,bb1.i,Blood,10
HRTM,ICRP.publ.66,1994,All,All,All,Inh,Aerosol.Type.M,bb2.i,Blood,10
HRTM,ICRP.publ.66,1994,All,All,All,Inh,Aerosol.Type.M,bbseq.i,Blood,10
HRTM,ICRP.publ.66,1994,All,All,All,Inh,Aerosol.Type.M,AI1.i,Blood,10
HRTM,ICRP.publ.66,1994,All,All,All,Inh,Aerosol.Type.M,AI2.i,Blood,10
HRTM,ICRP.publ.66,1994,All,All,All,Inh,Aerosol.Type.M,AI3.i,Blood,10
HRTM,ICRP.publ.66,1994,All,All,All,Inh,Aerosol.Type.M,LNET.i,Blood,10
HRTM,ICRP.publ.66,1994,All,All,All,Inh,Aerosol.Type.M,LNTH.i,Blood,10
HRTM,ICRP.publ.66,1994,All,All,All,Inh,Aerosol.Type.S,ET2.i,Blood,0.1
HRTM,ICRP.publ.66,1994,All,All,All,Inh,Aerosol.Type.S,ETseq.i,Blood,0.1
HRTM,ICRP.publ.66,1994,All,All,All,Inh,Aerosol.Type.S,BB1.i,Blood,0.1
HRTM,ICRP.publ.66,1994,All,All,All,Inh,Aerosol.Type.S,BB2.i,Blood,0.1
HRTM,ICRP.publ.66,1994,All,All,All,Inh,Aerosol.Type.S,BBseq.i,Blood,0.1
HRTM,ICRP.publ.66,1994,All,All,All,Inh,Aerosol.Type.S,bb1.i,Blood,0.1
HRTM,ICRP.publ.66,1994,All,All,All,Inh,Aerosol.Type.S,bb2.i,Blood,0.1
HRTM,ICRP.publ.66,1994,All,All,All,Inh,Aerosol.Type.S,bbseq.i,Blood,0.1
HRTM,ICRP.publ.66,1994,All,All,All,Inh,Aerosol.Type.S,AI1.i,Blood,0.1
HRTM,ICRP.publ.66,1994,All,All,All,Inh,Aerosol.Type.S,AI2.i,Blood,0.1
HRTM,ICRP.publ.66,1994,All,All,All,Inh,Aerosol.Type.S,AI3.i,Blood,0.1
HRTM,ICRP.publ.66,1994,All,All,All,Inh,Aerosol.Type.S,LNET.i,Blood,0.1
HRTM,ICRP.publ.66,1994,All,All,All,Inh,Aerosol.Type.S,LNTH.i,Blood,0.1
HRTM,ICRP.publ.66,1994,All,All,All,Inh,Aerosol.Type.M,ET2.t,Blood,0.005
HRTM,ICRP.publ.66,1994,All,All,All,Inh,Aerosol.Type.M,ETseq.t,Blood,0.005
HRTM,ICRP.publ.66,1994,All,All,All,Inh,Aerosol.Type.M,BB1.t,Blood,0.005
HRTM,ICRP.publ.66,1994,All,All,All,Inh,Aerosol.Type.M,bbseq.t,Blood,0.005
HRTM,ICRP.publ.66,1994,All,All,All,Inh,Aerosol.Type.M,AI1.t,Blood,0.005
HRTM,ICRP.publ.66,1994,All,All,All,Inh,Aerosol.Type.M,AI2.t,Blood,0.005
HRTM,ICRP.publ.66,1994,All,All,All,Inh,Aerosol.Type.M,AI3.t,Blood,0.005
HRTM,ICRP.publ.66,1994,All,All,All,Inh,Aerosol.Type.M,LNET.t,Blood,0.005
HRTM,ICRP.publ.66,1994,All,All,All,Inh,Aerosol.Type.M,LNTH.t,Blood,0.005
HRTM,ICRP.publ.66,1994,All,All,All,Inh,Aerosol.Type.M,ET1.i,ET1.t,90
HRTM,ICRP.publ.66,1994,All,All,All,Inh,Aerosol.Type.M,ET2.i,ET2.t,90
HRTM,ICRP.publ.66,1994,All,All,All,Inh,Aerosol.Type.M,ETseq.i,ETseq.t,90
HRTM,ICRP.publ.66,1994,All,All,All,Inh,Aerosol.Type.M,BB1.i,BB1.t,90
HRTM,ICRP.publ.66,1994,All,All,All,Inh,Aerosol.Type.M,BB2.i,BB2.t,90
HRTM,ICRP.publ.66,1994,All,All,All,Inh,Aerosol.Type.M,BBseq.i,BBseq.t,90
HRTM,ICRP.publ.66,1994,All,All,All,Inh,Aerosol.Type.M,bb1.i,bb1.t,90
HRTM,ICRP.publ.66,1994,All,All,All,Inh,Aerosol.Type.M,bb2.i,bb2.t,90
HRTM,ICRP.publ.66,1994,All,All,All,Inh,Aerosol.Type.M,bbseq.i,bbseq.t,90
HRTM,ICRP.publ.66,1994,All,All,All,Inh,Aerosol.Type.M,AI1.i,AI1.t,90
HRTM,ICRP.publ.66,1994,All,All,All,Inh,Aerosol.Type.M,AI2.i,AI2.t,90
HRTM,ICRP.publ.66,1994,All,All,All,Inh,Aerosol.Type.M,AI3.i,AI3.t,90
HRTM,ICRP.publ.66,1994,All,All,All,Inh,Aerosol.Type.M,LNET.i,LNET.t,90
HRTM,ICRP.publ.66,1994,All,All,All,Inh,Aerosol.Type.M,LNTH.i,LNTH.t,90
HRTM,ICRP.publ.66,1994,All,All,All,Inh,Aerosol.Type.S,ET2.t,Blood,1e-04
HRTM,ICRP.publ.66,1994,All,All,All,Inh,Aerosol.Type.S,ETseq.t,Blood,1e-04
HRTM,ICRP.publ.66,1994,All,All,All,Inh,Aerosol.Type.S,BB1.t,Blood,1e-04
HRTM,ICRP.publ.66,1994,All,All,All,Inh,Aerosol.Type.S,BB2.t,Blood,1e-04
HRTM,ICRP.publ.66,1994,All,All,All,Inh,Aerosol.Type.S,BBseq.t,Blood,1e-04
HRTM,ICRP.publ.66,1994,All,All,All,Inh,Aerosol.Type.S,bb1.t,Blood,1e-04
HRTM,ICRP.publ.66,1994,All,All,All,Inh,Aerosol.Type.S,bb2.t,Blood,1e-04
HRTM,ICRP.publ.66,1994,All,All,All,Inh,Aerosol.Type.S,bbseq.t,Blood,1e-04
HRTM,ICRP.publ.66,1994,All,All,All,Inh,Aerosol.Type.S,AI1.t,Blood,1e-04
HRTM,ICRP.publ.66,1994,All,All,All,Inh,Aerosol.Type.S,AI2.t,Blood,1e-04
HRTM,ICRP.publ.66,1994,All,All,All,Inh,Aerosol.Type.S,AI3.t,Blood,1e-04
HRTM,ICRP.publ.66,1994,All,All,All,Inh,Aerosol.Type.S,LNET.t,Blood,1e-04
HRTM,ICRP.publ.66,1994,All,All,All,Inh,Aerosol.Type.S,LNTH.t,Blood,1e-04
HRTM,ICRP.publ.66,1994,All,All,All,Inh,Aerosol.Type.S,ET1.i,ET1.t,100
HRTM,ICRP.publ.66,1994,All,All,All,Inh,Aerosol.Type.S,ET2.i,ET2.t,100
HRTM,ICRP.publ.66,1994,All,All,All,Inh,Aerosol.Type.S,ETseq.i,ETseq.t,100
HRTM,ICRP.publ.66,1994,All,All,All,Inh,Aerosol.Type.S,BB1.i,BB1.t,100
HRTM,ICRP.publ.66,1994,All,All,All,Inh,Aerosol.Type.S,BB2.i,BB2.t,100
HRTM,ICRP.publ.66,1994,All,All,All,Inh,Aerosol.Type.S,BBseq.i,BBseq.t,100
HRTM,ICRP.publ.66,1994,All,All,All,Inh,Aerosol.Type.S,bb1.i,bb1.t,100
HRTM,ICRP.publ.66,1994,All,All,All,Inh,Aerosol.Type.S,bb2.i,bb2.t,100
HRTM,ICRP.publ.66,1994,All,All,All,Inh,Aerosol.Type.S,bbseq.i,bbseq.t,100
HRTM,ICRP.publ.66,1994,All,All,All,Inh,Aerosol.Type.S,AI1.i,AI1.t,100
HRTM,ICRP.publ.66,1994,All,All,All,Inh,Aerosol.Type.S,AI2.i,AI2.t,100
HRTM,ICRP.publ.66,1994,All,All,All,Inh,Aerosol.Type.S,AI3.i,AI3.t,100
HRTM,ICRP.publ.66,1994,All,All,All,Inh,Aerosol.Type.S,LNET.i,LNET.t,100
HRTM,ICRP.publ.66,1994,All,All,All,Inh,Aerosol.Type.S,LNTH.i,LNTH.t,100
HRTM,ICRP.publ.66,1994,All,All,All,Inh,Aerosol.Type.M,BB2.t,Blood,0.005
HRTM,ICRP.publ.66,1994,All,All,All,Inh,Aerosol.Type.M,BBseq.t,Blood,0.005
HRTM,ICRP.publ.66,1994,All,All,All,Inh,Aerosol.Type.M,bb1.t,Blood,0.005
HRTM,ICRP.publ.66,1994,All,All,All,Inh,Aerosol.Type.M,bb2.t,Blood,0.005
Biokinetic,ICRP.publ.67,1992,Cs,3mo,All,Ing,All,Small.Intestine,Blood,594
Biokinetic,ICRP.publ.67,1992,Cs,3mo,All,Inh,Aerosol.Type.F,Small.Intestine,Blood,594
Biokinetic,ICRP.publ.67,1992,Cs,3mo,All,Inh,Aerosol.Type.M,Small.Intestine,Blood,1.5
Biokinetic,ICRP.publ.67,1992,Cs,3mo,All,Inh,Aerosol.Type.S,Small.Intestine,Blood,0.122448979591837
Biokinetic,ICRP.publ.67,1992,Cs,1y,All,Ing,All,Small.Intestine,Blood,594
Biokinetic,ICRP.publ.67,1992,Cs,1y,All,Inh,Aerosol.Type.F,Small.Intestine,Blood,594
Biokinetic,ICRP.publ.67,1992,Cs,1y,All,Inh,Aerosol.Type.M,Small.Intestine,Blood,0.666666666666667
Biokinetic,ICRP.publ.67,1992,Cs,1y,All,Inh,Aerosol.Type.S,Small.Intestine,Blood,0.0606060606060606
Biokinetic,ICRP.publ.67,1992,Cs,5y,All,Ing,All,Small.Intestine,Blood,594
Biokinetic,ICRP.publ.67,1992,Cs,5y,All,Inh,Aerosol.Type.F,Small.Intestine,Blood,594
Biokinetic,ICRP.publ.67,1992,Cs,5y,All,Inh,Aerosol.Type.M,Small.Intestine,Blood,0.666666666666667
Biokinetic,ICRP.publ.67,1992,Cs,5y,All,Inh,Aerosol.Type.S,Small.Intestine,Blood,0.0606060606060606
Biokinetic,ICRP.publ.67,1992,Cs,10y,All,Ing,All,Small.Intestine,Blood,594
Biokinetic,ICRP.publ.67,1992,Cs,10y,All,Inh,Aerosol.Type.F,Small.Intestine,Blood,594
Biokinetic,ICRP.publ.67,1992,Cs,10y,All,Inh,Aerosol.Type.M,Small.Intestine,Blood,0.666666666666667
Biokinetic,ICRP.publ.67,1992,Cs,10y,All,Inh,Aerosol.Type.S,Small.Intestine,Blood,0.0606060606060606
Biokinetic,ICRP.publ.67,1992,Cs,15y,All,Ing,All,Small.Intestine,Blood,594
Biokinetic,ICRP.publ.67,1992,Cs,15y,All,Inh,Aerosol.Type.F,Small.Intestine,Blood,594
Biokinetic,ICRP.publ.67,1992,Cs,15y,All,Inh,Aerosol.Type.M,Small.Intestine,Blood,0.666666666666667
Biokinetic,ICRP.publ.67,1992,Cs,15y,All,Inh,Aerosol.Type.S,Small.Intestine,Blood,0.0606060606060606
Biokinetic,ICRP.publ.67,1992,Cs,20y,All,Ing,All,Small.Intestine,Blood,594
Biokinetic,ICRP.publ.67,1992,Cs,20y,All,Inh,Aerosol.Type.F,Small.Intestine,Blood,594
Biokinetic,ICRP.publ.67,1992,Cs,20y,All,Inh,Aerosol.Type.M,Small.Intestine,Blood,0.666666666666667
Biokinetic,ICRP.publ.67,1992,Cs,20y,All,Inh,Aerosol.Type.S,Small.Intestine,Blood,0.0606060606060606
Biokinetic,ICRP.publ.67,1992,Cs,3mo,All,All,All,Blood,Body.Tissue.A,NA
Biokinetic,ICRP.publ.67,1992,Cs,3mo,All,All,All,Blood,Body.Tissue.B,2.77258872223978
Biokinetic,ICRP.publ.67,1992,Cs,3mo,All,All,All,Body.Tissue.A,Bladder,NA
Biokinetic,ICRP.publ.67,1992,Cs,3mo,All,All,All,Body.Tissue.A,Upper.Large.Intestine,NA
Biokinetic,ICRP.publ.67,1992,Cs,3mo,All,All,All,Body.Tissue.B,Bladder,0.0346573590279973
Biokinetic,ICRP.publ.67,1992,Cs,3mo,All,All,All,Body.Tissue.B,Upper.Large.Intestine,0.00866433975699932
Biokinetic,ICRP.publ.67,1992,Cs,1y,All,All,All,Blood,Body.Tissue.A,NA
Biokinetic,ICRP.publ.67,1992,Cs,1y,All,All,All,Blood,Body.Tissue.B,2.77258872223978
Biokinetic,ICRP.publ.67,1992,Cs,1y,All,All,All,Body.Tissue.A,Bladder,NA
Biokinetic,ICRP.publ.67,1992,Cs,1y,All,All,All,Body.Tissue.A,Upper.Large.Intestine,NA
Biokinetic,ICRP.publ.67,1992,Cs,1y,All,All,All,Body.Tissue.B,Bladder,0.0426552111113812
Biokinetic,ICRP.publ.67,1992,Cs,1y,All,All,All,Body.Tissue.B,Upper.Large.Intestine,0.0106638027778453
Biokinetic,ICRP.publ.67,1992,Cs,5y,All,All,All,Blood,Body.Tissue.A,1.2476649250079
Biokinetic,ICRP.publ.67,1992,Cs,5y,All,All,All,Blood,Body.Tissue.B,1.52492379723188
Biokinetic,ICRP.publ.67,1992,Cs,5y,All,All,All,Body.Tissue.A,Bladder,0.0609360158734018
Biokinetic,ICRP.publ.67,1992,Cs,5y,All,All,All,Body.Tissue.A,Upper.Large.Intestine,0.0152340039683504
Biokinetic,ICRP.publ.67,1992,Cs,5y,All,All,All,Body.Tissue.B,Bladder,0.0184839248149319
Biokinetic,ICRP.publ.67,1992,Cs,5y,All,All,All,Body.Tissue.B,Upper.Large.Intestine,0.00462098120373297
Biokinetic,ICRP.publ.67,1992,Cs,10y,All,All,All,Blood,Body.Tissue.A,0.831776616671934
Biokinetic,ICRP.publ.67,1992,Cs,10y,All,All,All,Blood,Body.Tissue.B,1.94081210556785
Biokinetic,ICRP.publ.67,1992,Cs,10y,All,All,All,Body.Tissue.A,Bladder,0.0956065076634407
Biokinetic,ICRP.publ.67,1992,Cs,10y,All,All,All,Body.Tissue.A,Upper.Large.Intestine,0.0239016269158602
Biokinetic,ICRP.publ.67,1992,Cs,10y,All,All,All,Body.Tissue.B,Bladder,0.0110903548889591
Biokinetic,ICRP.publ.67,1992,Cs,10y,All,All,All,Body.Tissue.B,Upper.Large.Intestine,0.00277258872223978
Biokinetic,ICRP.publ.67,1992,Cs,15y,All,All,All,Blood,Body.Tissue.A,0.360436533891172
Biokinetic,ICRP.publ.67,1992,Cs,15y,All,All,All,Blood,Body.Tissue.B,2.41215218834861
Biokinetic,ICRP.publ.67,1992,Cs,15y,All,All,All,Body.Tissue.A,Bladder,0.252053520203616
Biokinetic,ICRP.publ.67,1992,Cs,15y,All,All,All,Body.Tissue.A,Upper.Large.Intestine,0.0630133800509041
Biokinetic,ICRP.publ.67,1992,Cs,15y,All,All,All,Body.Tissue.B,Bladder,0.00596255639191351
Biokinetic,ICRP.publ.67,1992,Cs,15y,All,All,All,Body.Tissue.B,Upper.Large.Intestine,0.00149063909797838
Biokinetic,ICRP.publ.67,1992,Cs,20y,All,All,All,Blood,Body.Tissue.A,0.277258872223978
Biokinetic,ICRP.publ.67,1992,Cs,20y,All,All,All,Blood,Body.Tissue.B,2.4953298500158
Biokinetic,ICRP.publ.67,1992,Cs,20y,All,All,All,Body.Tissue.A,Bladder,0.277258872223978
Biokinetic,ICRP.publ.67,1992,Cs,20y,All,All,All,Body.Tissue.A,Upper.Large.Intestine,0.0693147180559945
Biokinetic,ICRP.publ.67,1992,Cs,20y,All,All,All,Body.Tissue.B,Bladder,0.00504107040407233
Biokinetic,ICRP.publ.67,1992,Cs,20y,All,All,All,Body.Tissue.B,Upper.Large.Intestine,0.00126026760101808
UBM,ICRP.publ.67,1992,All,3mo,All,All,All,Bladder,Urine,40
UBM,ICRP.publ.67,1992,All,1y,All,All,All,Bladder,Urine,32
UBM,ICRP.publ.67,1992,All,5y,All,All,All,Bladder,Urine,12
UBM,ICRP.publ.67,1992,All,10y,All,All,All,Bladder,Urine,12
UBM,ICRP.publ.67,1992,All,15y,All,All,All,Bladder,Urine,12
UBM,ICRP.publ.67,1992,All,20y,All,All,All,Bladder,Urine,12
Biokinetic,ICRP.publ.56,1990,I,3mo,All,Ing,All,Small.Intestine,Blood,594
Biokinetic,ICRP.publ.56,1990,I,3mo,All,Inh,Aerosol.Type.F,Small.Intestine,Blood,594
Biokinetic,ICRP.publ.56,1990,I,3mo,All,Inh,Aerosol.Type.M,Small.Intestine,Blood,1.5
Biokinetic,ICRP.publ.56,1990,I,3mo,All,Inh,Aerosol.Type.S,Small.Intestine,Blood,0.122448979591837
Biokinetic,ICRP.publ.56,1990,I,1y,All,Ing,All,Small.Intestine,Blood,594
Biokinetic,ICRP.publ.56,1990,I,1y,All,Inh,Aerosol.Type.F,Small.Intestine,Blood,594
Biokinetic,ICRP.publ.56,1990,I,1y,All,Inh,Aerosol.Type.M,Small.Intestine,Blood,0.666666666666667
Biokinetic,ICRP.publ.56,1990,I,1y,All,Inh,Aerosol.Type.S,Small.Intestine,Blood,0.0606060606060606
Biokinetic,ICRP.publ.56,1990,I,5y,All,Ing,All,Small.Intestine,Blood,594
Biokinetic,ICRP.publ.56,1990,I,5y,All,Inh,Aerosol.Type.F,Small.Intestine,Blood,594
Biokinetic,ICRP.publ.56,1990,I,5y,All,Inh,Aerosol.Type.M,Small.Intestine,Blood,0.666666666666667
Biokinetic,ICRP.publ.56,1990,I,5y,All,Inh,Aerosol.Type.S,Small.Intestine,Blood,0.0606060606060606
Biokinetic,ICRP.publ.56,1990,I,10y,All,Ing,All,Small.Intestine,Blood,594
Biokinetic,ICRP.publ.56,1990,I,10y,All,Inh,Aerosol.Type.F,Small.Intestine,Blood,594
Biokinetic,ICRP.publ.56,1990,I,10y,All,Inh,Aerosol.Type.M,Small.Intestine,Blood,0.666666666666667
Biokinetic,ICRP.publ.56,1990,I,10y,All,Inh,Aerosol.Type.S,Small.Intestine,Blood,0.0606060606060606
Biokinetic,ICRP.publ.56,1990,I,15y,All,Ing,All,Small.Intestine,Blood,594
Biokinetic,ICRP.publ.56,1990,I,15y,All,Inh,Aerosol.Type.F,Small.Intestine,Blood,594
Biokinetic,ICRP.publ.56,1990,I,15y,All,Inh,Aerosol.Type.M,Small.Intestine,Blood,0.666666666666667
Biokinetic,ICRP.publ.56,1990,I,15y,All,Inh,Aerosol.Type.S,Small.Intestine,Blood,0.0606060606060606
Biokinetic,ICRP.publ.56,1990,I,20y,All,Ing,All,Small.Intestine,Blood,594
Biokinetic,ICRP.publ.56,1990,I,20y,All,Inh,Aerosol.Type.F,Small.Intestine,Blood,594
Biokinetic,ICRP.publ.56,1990,I,20y,All,Inh,Aerosol.Type.M,Small.Intestine,Blood,0.666666666666667
Biokinetic,ICRP.publ.56,1990,I,20y,All,Inh,Aerosol.Type.S,Small.Intestine,Blood,0.0606060606060606
Biokinetic,ICRP.publ.56,1990,I,3mo,All,All,All,Blood,Thyroid,0.831776616671934
Biokinetic,ICRP.publ.56,1990,I,3mo,All,All,All,Blood,Bladder,1.94081210556785
Biokinetic,ICRP.publ.56,1990,I,3mo,All,All,All,Thyroid,Rest.of.Body,0.0618881411214237
Biokinetic,ICRP.publ.56,1990,I,3mo,All,All,All,Rest.of.Body,Blood,0.495105128971389
Biokinetic,ICRP.publ.56,1990,I,3mo,All,All,All,Rest.of.Body,Upper.Large.Intestine,0.123776282242847
Biokinetic,ICRP.publ.56,1990,I,1y,All,All,All,Blood,Thyroid,0.831776616671934
Biokinetic,ICRP.publ.56,1990,I,1y,All,All,All,Blood,Bladder,1.94081210556785
Biokinetic,ICRP.publ.56,1990,I,1y,All,All,All,Thyroid,Rest.of.Body,0.0462098120373297
Biokinetic,ICRP.publ.56,1990,I,1y,All,All,All,Rest.of.Body,Blood,0.369678496298637
Biokinetic,ICRP.publ.56,1990,I,1y,All,All,All,Rest.of.Body,Upper.Large.Intestine,0.0924196240746594
Biokinetic,ICRP.publ.56,1990,I,5y,All,All,All,Blood,Thyroid,0.831776616671934
Biokinetic,ICRP.publ.56,1990,I,5y,All,All,All,Blood,Bladder,1.94081210556785
Biokinetic,ICRP.publ.56,1990,I,5y,All,All,All,Thyroid,Rest.of.Body,0.0301368339373889
Biokinetic,ICRP.publ.56,1990,I,5y,All,All,All,Rest.of.Body,Blood,0.241094671499111
Biokinetic,ICRP.publ.56,1990,I,5y,All,All,All,Rest.of.Body,Upper.Large.Intestine,0.0602736678747779
Biokinetic,ICRP.publ.56,1990,I,10y,All,All,All,Blood,Thyroid,0.831776616671934
Biokinetic,ICRP.publ.56,1990,I,10y,All,All,All,Blood,Bladder,1.94081210556785
Biokinetic,ICRP.publ.56,1990,I,10y,All,All,All,Thyroid,Rest.of.Body,0.0119508134579301
Biokinetic,ICRP.publ.56,1990,I,10y,All,All,All,Rest.of.Body,Blood,0.0956065076634407
Biokinetic,ICRP.publ.56,1990,I,10y,All,All,All,Rest.of.Body,Upper.Large.Intestine,0.0239016269158602
Biokinetic,ICRP.publ.56,1990,I,15y,All,All,All,Blood,Thyroid,0.831776616671934
Biokinetic,ICRP.publ.56,1990,I,15y,All,All,All,Blood,Bladder,1.94081210556785
Biokinetic,ICRP.publ.56,1990,I,15y,All,All,All,Thyroid,Rest.of.Body,0.0103454803068649
Biokinetic,ICRP.publ.56,1990,I,15y,All,All,All,Rest.of.Body,Blood,0.0827638424549188
Biokinetic,ICRP.publ.56,1990,I,15y,All,All,All,Rest.of.Body,Upper.Large.Intestine,0.0206909606137297
Biokinetic,ICRP.publ.56,1990,I,20y,All,All,All,Blood,Thyroid,0.831776616671934
Biokinetic,ICRP.publ.56,1990,I,20y,All,All,All,Blood,Bladder,1.94081210556785
Biokinetic,ICRP.publ.56,1990,I,20y,All,All,All,Thyroid,Rest.of.Body,0.00866433975699932
Biokinetic,ICRP.publ.56,1990,I,20y,All,All,All,Rest.of.Body,Blood,0.0462098120373297
Biokinetic,ICRP.publ.56,1990,I,20y,All,All,All,Rest.of.Body,Upper.Large.Intestine,0.0115524530093324
GITM,ICRP.publ.30,1979,All,All,All,All,All,Stomach,Small.Intestine,24
GITM,ICRP.publ.30,1979,All,All,All,All,All,Small.Intestine,Upper.Large.Intestine,6
GITM,ICRP.publ.30,1979,All,All,All,All,All,Upper.Large.Intestine,Lower.Large.Intestine,1.8
GITM,ICRP.publ.30,1979,All,All,All,All,All,Lower.Large.Intestine,Feces,1
